unique_id,ds,Naive,SeasonalNaive,AutoETS,AutoARIMA,LGBMRegressor,NBEATS,NHITS
hotel_0,2023-06-03,0.691358024691358,0.9753086419753086,0.6651701798416771,0.7688887033530285,0.8351337273618356,0.8100686,0.7961345
hotel_0,2023-06-04,0.691358024691358,0.8888888888888888,0.44619812577350415,0.6528064874298182,0.5311539664772131,0.51801586,0.5229894
hotel_0,2023-06-05,0.691358024691358,0.2716049382716049,0.4630176387175448,0.46871383987447274,0.6560244581433198,0.5274033,0.5267503
hotel_0,2023-06-06,0.691358024691358,0.2962962962962963,0.4974787656284047,0.5235681551297304,0.6862766544061956,0.61109024,0.59833807
hotel_0,2023-06-07,0.691358024691358,0.3950617283950617,0.49463782357505137,0.5867090204520703,0.6707675370578081,0.6278553,0.65157706
hotel_0,2023-06-08,0.691358024691358,0.43209876543209874,0.5302349726523373,0.5946266564359065,0.662466560617506,0.65069455,0.6370995
hotel_0,2023-06-09,0.691358024691358,0.691358024691358,0.6383032223681587,0.7015150822233158,0.7622825919495979,0.75404036,0.7645078
hotel_0,2023-06-10,0.691358024691358,0.9753086419753086,0.6651701798416771,0.7517429893606264,0.8443783049294135,0.8526629,0.82496583
hotel_0,2023-06-11,0.691358024691358,0.8888888888888888,0.44619812577350415,0.6969647198000811,0.5885907986172652,0.56583893,0.55334276
hotel_0,2023-06-12,0.691358024691358,0.2716049382716049,0.4630176387175448,0.5135811808860375,0.6959583619747398,0.5569413,0.5269215
hotel_0,2023-06-13,0.691358024691358,0.2962962962962963,0.4974787656284047,0.5363973453767802,0.669931748144429,0.63951176,0.61695004
hotel_0,2023-06-14,0.691358024691358,0.3950617283950617,0.49463782357505137,0.576728524954384,0.6904207833203804,0.6504299,0.6572743
hotel_0,2023-06-15,0.691358024691358,0.43209876543209874,0.5302349726523373,0.5867528565400807,0.6968657122915262,0.6544234,0.64402544
hotel_0,2023-06-16,0.691358024691358,0.691358024691358,0.6383032223681587,0.6734318642200213,0.7404852544273167,0.8044026,0.7562206
hotel_0,2023-06-17,0.691358024691358,0.9753086419753086,0.6651701798416771,0.7052810634838342,0.7995698899278085,0.87796694,0.82028514
hotel_0,2023-06-18,0.691358024691358,0.8888888888888888,0.44619812577350415,0.6642413574670256,0.5919590783767047,0.5286157,0.5466749
hotel_0,2023-06-19,0.691358024691358,0.2716049382716049,0.4630176387175448,0.5678529140201954,0.6462246556782781,0.55172485,0.5347338
hotel_0,2023-06-20,0.691358024691358,0.2962962962962963,0.4974787656284047,0.5862563907388308,0.7081693219932923,0.6217624,0.6142558
hotel_0,2023-06-21,0.691358024691358,0.3950617283950617,0.49463782357505137,0.6120008861101389,0.7305197205725041,0.6421816,0.62893814
hotel_0,2023-06-22,0.691358024691358,0.43209876543209874,0.5302349726523373,0.6168406370674555,0.7595749783711269,0.66521883,0.62778085
hotel_0,2023-06-23,0.691358024691358,0.691358024691358,0.6383032223681587,0.6663886721539208,0.8108731113375397,0.76919687,0.7554205
hotel_0,2023-06-24,0.691358024691358,0.9753086419753086,0.6651701798416771,0.6867914627963332,0.8545200190348091,0.8517979,0.82819694
hotel_0,2023-06-25,0.691358024691358,0.8888888888888888,0.44619812577350415,0.6624961883847065,0.6650654327374956,0.54646903,0.5832023
hotel_0,2023-06-26,0.691358024691358,0.2716049382716049,0.4630176387175448,0.5944578609017889,0.6923683810898004,0.5574816,0.5391596
hotel_0,2023-06-27,0.691358024691358,0.2962962962962963,0.4974787656284047,0.6050021829685697,0.7350506640578801,0.6243331,0.619606
hotel_0,2023-06-28,0.691358024691358,0.3950617283950617,0.49463782357505137,0.6214400199010698,0.7530226092057702,0.6678449,0.6382944
hotel_0,2023-06-29,0.691358024691358,0.43209876543209874,0.5302349726523373,0.6250200810766658,0.7441364927299771,0.60003114,0.6407712
hotel_0,2023-06-30,0.691358024691358,0.691358024691358,0.6383032223681587,0.658472971888251,0.8023986836704678,0.7890503,0.7512777
hotel_105,2023-06-03,0.949685534591195,1.0,1.0167414209470118,0.9664051522215633,0.9415695970110968,0.9772515,0.9834108
hotel_105,2023-06-04,0.949685534591195,0.9056603773584906,0.799594433828028,0.8834538070662173,0.8524490187336724,0.78222907,0.83345056
hotel_105,2023-06-05,0.949685534591195,0.9182389937106918,0.9239283380250877,0.9218135910520796,0.8577688843851258,0.8968417,0.885512
hotel_105,2023-06-06,0.949685534591195,0.9748427672955975,0.9641710582387015,0.939185583228664,0.9091836932276705,0.97011733,0.9862147
hotel_105,2023-06-07,0.949685534591195,1.0125786163522013,0.9588699457111701,0.9653105251136082,0.9758615472344037,0.95313746,0.97045594
hotel_105,2023-06-08,0.949685534591195,0.8930817610062893,0.8574510781853502,0.906102146759469,0.9391029949587204,0.8998063,0.90579414
hotel_105,2023-06-09,0.949685534591195,0.949685534591195,0.9748835792868034,0.9453847176615141,0.9672607593075545,0.9568839,0.96770227
hotel_105,2023-06-10,0.949685534591195,1.0,1.0167414209470118,0.9488474520653645,0.9528501719008033,0.99092925,0.9778177
hotel_105,2023-06-11,0.949685534591195,0.9056603773584906,0.799594433828028,0.8901813081122005,0.8658583223460763,0.79979044,0.8462759
hotel_105,2023-06-12,0.949685534591195,0.9182389937106918,0.9239283380250877,0.9071840030546588,0.8958303306725491,0.9052999,0.8771984
hotel_105,2023-06-13,0.949685534591195,0.9748427672955975,0.9641710582387015,0.9311973249588017,0.9040639421012125,0.9687706,0.9947116
hotel_105,2023-06-14,0.949685534591195,1.0125786163522013,0.9588699457111701,0.9521516016804481,0.9579756930728522,0.94381624,0.97345454
hotel_105,2023-06-15,0.949685534591195,0.8930817610062893,0.8574510781853502,0.8935932669603419,0.9285782308078354,0.87934136,0.89925337
hotel_105,2023-06-16,0.949685534591195,0.949685534591195,0.9748835792868034,0.9251095444834783,0.9404686629060317,0.97267395,0.96476656
hotel_105,2023-06-17,0.949685534591195,1.0,1.0167414209470118,0.9316355585305071,0.9493803162148869,0.9863206,0.9784308
hotel_105,2023-06-18,0.949685534591195,0.9056603773584906,0.799594433828028,0.885018690536866,0.866904636615288,0.7849021,0.82159555
hotel_105,2023-06-19,0.949685534591195,0.9182389937106918,0.9239283380250877,0.9031111401501729,0.8950166586561299,0.9060213,0.89207613
hotel_105,2023-06-20,0.949685534591195,0.9748427672955975,0.9641710582387015,0.9168541729385526,0.9176668617177834,0.95168865,0.9839729
hotel_105,2023-06-21,0.949685534591195,1.0125786163522013,0.9588699457111701,0.9323685112897008,0.948164271752434,0.9525152,0.9688517
hotel_105,2023-06-22,0.949685534591195,0.8930817610062893,0.8574510781853502,0.8934223462250181,0.9345073610931279,0.88867974,0.9031601
hotel_105,2023-06-23,0.949685534591195,0.949685534591195,0.9748835792868034,0.9167590079766107,0.9679997635353179,0.9553301,0.96227765
hotel_105,2023-06-24,0.949685534591195,1.0,1.0167414209470118,0.9200897558827065,0.9658294826145111,0.9845303,0.9827341
hotel_105,2023-06-25,0.949685534591195,0.9056603773584906,0.799594433828028,0.8853848716307213,0.8796542037100907,0.7970338,0.8493972
hotel_105,2023-06-26,0.949685534591195,0.9182389937106918,0.9239283380250877,0.897000904106181,0.9087327161899339,0.8863233,0.8881204
hotel_105,2023-06-27,0.949685534591195,0.9748427672955975,0.9641710582387015,0.9093877682869752,0.9273897101726801,0.96018726,0.9766084
hotel_105,2023-06-28,0.949685534591195,1.0125786163522013,0.9588699457111701,0.9213956038921041,0.917189441650222,0.9525797,0.95664334
hotel_105,2023-06-29,0.949685534591195,0.8930817610062893,0.8574510781853502,0.8893374398080117,0.921627382147308,0.8879729,0.8963385
hotel_105,2023-06-30,0.949685534591195,0.949685534591195,0.9748835792868034,0.9073992562805442,0.9435136840423294,0.9447422,0.9625287
hotel_112,2023-06-03,0.75625,1.0125,0.8246688943418579,0.8184366991977514,0.8297403167507647,0.8038702,0.8349967
hotel_112,2023-06-04,0.75625,0.93125,0.7903376527173144,0.8465974914533254,0.7826027055465773,0.8264752,0.8545459
hotel_112,2023-06-05,0.75625,0.9375,0.8434935376375269,0.8433010652006284,0.8397394754970166,0.90078676,0.903799
hotel_112,2023-06-06,0.75625,0.7875,0.8447242050752105,0.8464552128014065,0.8706699382686179,0.90255725,0.9497652
hotel_112,2023-06-07,0.75625,0.98125,0.8678157012113104,0.8676329054614254,0.8893562318343424,0.91394335,0.94183564
hotel_112,2023-06-08,0.75625,0.75,0.8556846176835139,0.857055836702161,0.8662994494266534,0.8865502,0.90091527
hotel_112,2023-06-09,0.75625,0.75625,0.8218651744936931,0.8668330936328585,0.8843525438292956,0.86651427,0.8700394
hotel_112,2023-06-10,0.75625,1.0125,0.8246688943418579,0.8789042139890588,0.9051133270280749,0.88948756,0.9070215
hotel_112,2023-06-11,0.75625,0.93125,0.7903376527173144,0.867357392787178,0.7998830309700528,0.8861251,0.899048
hotel_112,2023-06-12,0.75625,0.9375,0.8434935376375269,0.8703776090697752,0.8329169018488487,0.9184948,0.9144879
hotel_112,2023-06-13,0.75625,0.7875,0.8447242050752105,0.8419546751226007,0.855573216736882,0.9129703,0.9492391
hotel_112,2023-06-14,0.75625,0.98125,0.8678157012113104,0.8839694801080131,0.874537604387039,0.9165565,0.9453445
hotel_112,2023-06-15,0.75625,0.75,0.8556846176835139,0.8374428099936679,0.8208902099637324,0.89794266,0.9140529
hotel_112,2023-06-16,0.75625,0.75625,0.8218651744936931,0.8402423194438874,0.8649911606399309,0.86944616,0.89345294
hotel_112,2023-06-17,0.75625,1.0125,0.8246688943418579,0.8543438681672876,0.8906396167985151,0.8889793,0.9089265
hotel_112,2023-06-18,0.75625,0.93125,0.7903376527173144,0.8595620241761269,0.7308718855624069,0.88146186,0.9089373
hotel_112,2023-06-19,0.75625,0.9375,0.8434935376375269,0.8595001777238689,0.8002348418865426,0.92338103,0.91277426
hotel_112,2023-06-20,0.75625,0.7875,0.8447242050752105,0.858143335584529,0.8488685758976615,0.9211877,0.9364306
hotel_112,2023-06-21,0.75625,0.98125,0.8678157012113104,0.8659997887457698,0.8759707456413743,0.9294145,0.9462661
hotel_112,2023-06-22,0.75625,0.75,0.8556846176835139,0.8603139354655822,0.8677501725096166,0.91243845,0.9152965
hotel_112,2023-06-23,0.75625,0.75625,0.8218651744936931,0.8626452877207605,0.8989120328713632,0.88523674,0.8832616
hotel_112,2023-06-24,0.75625,1.0125,0.8246688943418579,0.8663147450724333,0.8660668349407561,0.91027755,0.9038937
hotel_112,2023-06-25,0.75625,0.93125,0.7903376527173144,0.8644858486565505,0.6917919127561554,0.88354754,0.8930963
hotel_112,2023-06-26,0.75625,0.9375,0.8434935376375269,0.8651546356841618,0.7733443974979111,0.91736984,0.9231879
hotel_112,2023-06-27,0.75625,0.7875,0.8447242050752105,0.8593630809508634,0.8103890723632605,0.9240471,0.9392118
hotel_112,2023-06-28,0.75625,0.98125,0.8678157012113104,0.8685065680504448,0.8525139807329488,0.9159927,0.9517011
hotel_112,2023-06-29,0.75625,0.75,0.8556846176835139,0.8586970083580799,0.853627073291705,0.89879274,0.9090721
hotel_112,2023-06-30,0.75625,0.75625,0.8218651744936931,0.8594724677043557,0.8658183604684353,0.86675,0.87353265
hotel_126,2023-06-03,1.00398406374502,1.0079681274900398,0.997042006636073,1.0149028955436625,0.9923877187869802,1.0081095,1.0127418
hotel_126,2023-06-04,1.00398406374502,0.9880478087649402,0.9309823494265196,1.0007805782199937,0.9389136349975177,0.97518563,0.97238624
hotel_126,2023-06-05,1.00398406374502,0.9641434262948207,0.9204551391003566,0.9974317075837666,0.9632069883598311,0.9859708,0.96965104
hotel_126,2023-06-06,1.00398406374502,0.9641434262948207,0.9251424968147317,0.9906267961111205,0.9670283843414852,0.9920401,1.001266
hotel_126,2023-06-07,1.00398406374502,1.00398406374502,0.9306592414986323,0.9871551041173474,0.9689925885246656,0.98523647,0.99425596
hotel_126,2023-06-08,1.00398406374502,0.8047808764940239,0.9211975136756855,0.9519928298135882,0.9329721390584761,0.96878856,0.9672407
hotel_126,2023-06-09,1.00398406374502,1.00398406374502,0.9943267550499054,0.9851454983998265,0.9709158287166395,0.9947822,0.9927331
hotel_126,2023-06-10,1.00398406374502,1.0079681274900398,0.997042006636073,0.9936614283874733,0.9837976485598593,1.0035294,1.0072647
hotel_126,2023-06-11,1.00398406374502,0.9880478087649402,0.9309823494265196,0.9768991073748913,0.9182976783782609,0.9670498,0.9691978
hotel_126,2023-06-12,1.00398406374502,0.9641434262948207,0.9204551391003566,0.9784922002354947,0.9348491266133869,0.9792167,0.96544254
hotel_126,2023-06-13,1.00398406374502,0.9641434262948207,0.9251424968147317,0.9801730086427649,0.9555282531995921,0.98418856,1.000995
hotel_126,2023-06-14,1.00398406374502,1.00398406374502,0.9306592414986323,0.9872893769114806,0.956674070517824,0.9824106,0.9914722
hotel_126,2023-06-15,1.00398406374502,0.8047808764940239,0.9211975136756855,0.9368260498749588,0.9375898776116152,0.9644014,0.96376723
hotel_126,2023-06-16,1.00398406374502,1.00398406374502,0.9943267550499054,0.9885937743174416,0.9689137015955153,0.98754674,0.9898037
hotel_126,2023-06-17,1.00398406374502,1.0079681274900398,0.997042006636073,0.9945654799090594,0.9804331491585851,1.0004776,1.0020489
hotel_126,2023-06-18,1.00398406374502,0.9880478087649402,0.9309823494265196,0.9809781069413004,0.9130735319486557,0.9594928,0.9644445
hotel_126,2023-06-19,1.00398406374502,0.9641434262948207,0.9204551391003566,0.9831738524936489,0.9378302757969372,0.9726179,0.9677514
hotel_126,2023-06-20,1.00398406374502,0.9641434262948207,0.9251424968147317,0.9830459321890341,0.9493840519649196,0.9799187,0.9998009
hotel_126,2023-06-21,1.00398406374502,1.00398406374502,0.9306592414986323,0.9852771174518384,0.9548147042387448,0.9788891,0.9979392
hotel_126,2023-06-22,1.00398406374502,0.8047808764940239,0.9211975136756855,0.9537958754135045,0.934620801830686,0.9667495,0.963221
hotel_126,2023-06-23,1.00398406374502,1.00398406374502,0.9943267550499054,0.98554918463757,0.958808293708215,0.9892637,0.99090755
hotel_126,2023-06-24,1.00398406374502,1.0079681274900398,0.997042006636073,0.9913056218630101,0.9473536627999025,0.9927346,1.0081109
hotel_126,2023-06-25,1.00398406374502,0.9880478087649402,0.9309823494265196,0.9790756302419775,0.8753460797925509,0.9612774,0.9687052
hotel_126,2023-06-26,1.00398406374502,0.9641434262948207,0.9204551391003566,0.9804073177198375,0.9047658885906346,0.9771426,0.96543074
hotel_126,2023-06-27,1.00398406374502,0.9641434262948207,0.9251424968147317,0.981110150553489,0.9232689919168506,0.9876418,0.99193734
hotel_126,2023-06-28,1.00398406374502,1.00398406374502,0.9306592414986323,0.9851352823718861,0.9478357730283212,0.9835885,0.9930024
hotel_126,2023-06-29,1.00398406374502,0.8047808764940239,0.9211975136756855,0.9516431826659615,0.9200065934619748,0.9678829,0.95756817
hotel_126,2023-06-30,1.00398406374502,1.00398406374502,0.9943267550499054,0.9858412399330684,0.9678969794454519,0.99321765,0.9864851
hotel_133,2023-06-03,0.9836065573770492,1.0,1.037077370061083,0.95417695349893,0.9779298725681923,0.9699722,0.972785
hotel_133,2023-06-04,0.9836065573770492,0.9016393442622951,0.8576544559535373,0.8362939237363158,0.8867301265766964,0.82538587,0.82651335
hotel_133,2023-06-05,0.9836065573770492,0.8524590163934426,0.889043604439115,0.8411596126812655,0.9117623022465167,0.8654541,0.8295469
hotel_133,2023-06-06,0.9836065573770492,0.8688524590163934,0.9057531881610257,0.8762922351605176,0.9270043105606305,0.91578484,0.8965508
hotel_133,2023-06-07,0.9836065573770492,1.0,0.9245417494255395,0.9357113476547017,0.9462559953135661,0.9538531,0.95216066
hotel_133,2023-06-08,0.9836065573770492,1.0,0.9386354692108162,0.949132735303234,0.952505940630769,0.9581433,0.9623484
hotel_133,2023-06-09,0.9836065573770492,0.9836065573770492,1.0068598429153672,0.9705728227570347,0.9673448612668073,0.9914471,0.975453
hotel_133,2023-06-10,0.9836065573770492,1.0,1.037077370061083,0.9559550636292219,0.9723888063781464,0.9821181,0.9750657
hotel_133,2023-06-11,0.9836065573770492,0.9016393442622951,0.8576544559535373,0.8509669066641555,0.8711283280704153,0.8368298,0.8321778
hotel_133,2023-06-12,0.9836065573770492,0.8524590163934426,0.889043604439115,0.8493827569702367,0.8872605320481977,0.8699997,0.8223704
hotel_133,2023-06-13,0.9836065573770492,0.8688524590163934,0.9057531881610257,0.8800059980596102,0.9061565190445496,0.9270096,0.90995765
hotel_133,2023-06-14,0.9836065573770492,1.0,0.9245417494255395,0.9415597546735743,0.9111860793044048,0.9471984,0.9510181
hotel_133,2023-06-15,0.9836065573770492,1.0,0.9386354692108162,0.9529388140734573,0.9119769206932519,0.9632054,0.96333486
hotel_133,2023-06-16,0.9836065573770492,0.9836065573770492,1.0068598429153672,0.9691688133553801,0.9486938903571263,1.0004287,0.98648167
hotel_133,2023-06-17,0.9836065573770492,1.0,1.037077370061083,0.9544692142519128,0.9566590715368097,0.996599,0.97819483
hotel_133,2023-06-18,0.9836065573770492,0.9016393442622951,0.8576544559535373,0.857172880576192,0.8774601366874145,0.8322555,0.8285744
hotel_133,2023-06-19,0.9836065573770492,0.8524590163934426,0.889043604439115,0.8563563964798423,0.9022584623119332,0.86244,0.82446235
hotel_133,2023-06-20,0.9836065573770492,0.8688524590163934,0.9057531881610257,0.884835421977483,0.9148289348483104,0.9127563,0.90428156
hotel_133,2023-06-21,0.9836065573770492,1.0,0.9245417494255395,0.9410011287664288,0.9281428799610539,0.9701729,0.9570352
hotel_133,2023-06-22,0.9836065573770492,1.0,0.9386354692108162,0.951617888788559,0.9283829559901575,0.97012645,0.96176946
hotel_133,2023-06-23,0.9836065573770492,0.9836065573770492,1.0068598429153672,0.9669713591298892,0.9459339216883863,0.99281526,0.9838097
hotel_133,2023-06-24,0.9836065573770492,1.0,1.037077370061083,0.9535231119287513,0.9653050999664734,0.98596936,0.98470664
hotel_133,2023-06-25,0.9836065573770492,0.9016393442622951,0.8576544559535373,0.8637210762910338,0.8796542037100907,0.8406841,0.8483281
hotel_133,2023-06-26,0.9836065573770492,0.8524590163934426,0.889043604439115,0.8629021335906313,0.898308089002553,0.85994923,0.8221538
hotel_133,2023-06-27,0.9836065573770492,0.8688524590163934,0.9057531881610257,0.8891783634157899,0.9162373032907668,0.9131594,0.901964
hotel_133,2023-06-28,0.9836065573770492,1.0,0.9245417494255395,0.9411081716437932,0.9325945652566742,0.9652443,0.95372766
hotel_133,2023-06-29,0.9836065573770492,1.0,0.9386354692108162,0.9509002538113212,0.9515058608152445,0.9748972,0.972889
hotel_133,2023-06-30,0.9836065573770492,0.9836065573770492,1.0068598429153672,0.9650397028990038,0.9468399184059358,0.9907315,0.98413175
hotel_14,2023-06-03,0.5660377358490566,0.6981132075471698,0.5856228761722997,0.6647320008197153,0.6470516519320184,0.6436943,0.62041485
hotel_14,2023-06-04,0.5660377358490566,0.4811320754716981,0.3625967115481431,0.5358726259570746,0.4779116619842374,0.4097833,0.40750256
hotel_14,2023-06-05,0.5660377358490566,0.37735849056603776,0.45754845204892763,0.5052048666337638,0.5065756869046365,0.48037413,0.44970283
hotel_14,2023-06-06,0.5660377358490566,0.49056603773584906,0.5421698752690773,0.587358813838514,0.5621874325061393,0.57693994,0.5513923
hotel_14,2023-06-07,0.5660377358490566,0.5471698113207547,0.5653450658290413,0.6076349603988022,0.6083243208672514,0.61600083,0.58403236
hotel_14,2023-06-08,0.5660377358490566,0.5188679245283019,0.5209390832107407,0.5776326576629804,0.5988151431502424,0.5960537,0.5454888
hotel_14,2023-06-09,0.5660377358490566,0.5660377358490566,0.5554432718610073,0.6214548110708102,0.6492413133659156,0.67512757,0.64503217
hotel_14,2023-06-10,0.5660377358490566,0.6981132075471698,0.5856228761722997,0.6947239023312474,0.7042206129550264,0.6954551,0.6423006
hotel_14,2023-06-11,0.5660377358490566,0.4811320754716981,0.3625967115481431,0.5893359807381131,0.5378148615787515,0.4478143,0.43704975
hotel_14,2023-06-12,0.5660377358490566,0.37735849056603776,0.45754845204892763,0.5513746152005604,0.6095062838482648,0.51357,0.46319804
hotel_14,2023-06-13,0.5660377358490566,0.49056603773584906,0.5421698752690773,0.6126769332783569,0.6306627572711843,0.60792106,0.5723101
hotel_14,2023-06-14,0.5660377358490566,0.5471698113207547,0.5653450658290413,0.6349927651829634,0.6645819563086042,0.62386054,0.59388906
hotel_14,2023-06-15,0.5660377358490566,0.5188679245283019,0.5209390832107407,0.6159384205012144,0.6755058067282128,0.5910972,0.5535541
hotel_14,2023-06-16,0.5660377358490566,0.5660377358490566,0.5554432718610073,0.6452961352889999,0.7148885650776928,0.6800908,0.6490615
hotel_14,2023-06-17,0.5660377358490566,0.6981132075471698,0.5856228761722997,0.699305276076667,0.7763318612070487,0.7086369,0.65137726
hotel_14,2023-06-18,0.5660377358490566,0.4811320754716981,0.3625967115481431,0.6249089083786119,0.6093109079606818,0.4423179,0.4358044
hotel_14,2023-06-19,0.5660377358490566,0.37735849056603776,0.45754845204892763,0.6020403099700405,0.6619648900967721,0.5090854,0.4605708
hotel_14,2023-06-20,0.5660377358490566,0.49056603773584906,0.5421698752690773,0.6471161611116294,0.7014713389349233,0.58097607,0.55645394
hotel_14,2023-06-21,0.5660377358490566,0.5471698113207547,0.5653450658290413,0.66112313378022,0.6999404377977012,0.63102674,0.57129586
hotel_14,2023-06-22,0.5660377358490566,0.5188679245283019,0.5209390832107407,0.6459992148804078,0.6900490353188465,0.61178803,0.5508597
hotel_14,2023-06-23,0.5660377358490566,0.5660377358490566,0.5554432718610073,0.6687026971380501,0.7175916121778757,0.6501534,0.6477188
hotel_14,2023-06-24,0.5660377358490566,0.6981132075471698,0.5856228761722997,0.708636258403097,0.777110222745093,0.7127391,0.6708963
hotel_14,2023-06-25,0.5660377358490566,0.4811320754716981,0.3625967115481431,0.6525160800322365,0.6110512135255961,0.47064054,0.4660236
hotel_14,2023-06-26,0.5660377358490566,0.37735849056603776,0.45754845204892763,0.6338768846751894,0.6427098979372571,0.51746637,0.48659742
hotel_14,2023-06-27,0.5660377358490566,0.49056603773584906,0.5421698752690773,0.6672431621047047,0.7002884704355723,0.6126415,0.57730716
hotel_14,2023-06-28,0.5660377358490566,0.5471698113207547,0.5653450658290413,0.6784263319960872,0.7135309065501992,0.6560657,0.591938
hotel_14,2023-06-29,0.5660377358490566,0.5188679245283019,0.5209390832107407,0.6676088836518999,0.739077338757725,0.5964696,0.5705838
hotel_14,2023-06-30,0.5660377358490566,0.5660377358490566,0.5554432718610073,0.6840357511135586,0.7802961957389938,0.676906,0.66382885
hotel_21,2023-06-03,1.0,1.0092592592592593,0.9965671900805182,1.016945337507812,0.9768405867927313,0.99672264,1.0055534
hotel_21,2023-06-04,1.0,1.0046296296296295,0.9338321213004529,0.9571505033306643,0.9478988915846491,0.9440748,0.9522338
hotel_21,2023-06-05,1.0,0.75,0.9388737130839176,0.9282317136162485,0.9163463990120972,0.9024608,0.90620124
hotel_21,2023-06-06,1.0,0.75,0.9832132560252524,0.9559672089971948,0.9120492936897707,0.9211316,0.9378889
hotel_21,2023-06-07,1.0,0.8981481481481481,1.0058085506131955,0.9743969994832338,0.9150548974443093,0.95120156,0.96007484
hotel_21,2023-06-08,1.0,0.9444444444444444,1.0019568781737052,0.9740090812929051,0.9193363296670817,0.9622115,0.95819116
hotel_21,2023-06-09,1.0,1.0,0.9885692352917795,0.9679790965623747,0.9714306875688635,0.98386,0.9757598
hotel_21,2023-06-10,1.0,1.0092592592592593,0.9965671900805182,0.9914702484658845,0.9850105489405967,0.9980581,0.9951096
hotel_21,2023-06-11,1.0,1.0046296296296295,0.9338321213004529,0.9467525428833454,0.9102520555441158,0.9438804,0.9416503
hotel_21,2023-06-12,1.0,0.75,0.9388737130839176,0.8996077566172674,0.8950664407265414,0.89390326,0.897989
hotel_21,2023-06-13,1.0,0.75,0.9832132560252524,0.9241572963758364,0.8632913712295563,0.9145671,0.93090904
hotel_21,2023-06-14,1.0,0.8981481481481481,1.0058085506131955,0.9563895895750257,0.8617982978045617,0.93946487,0.9614354
hotel_21,2023-06-15,1.0,0.9444444444444444,1.0019568781737052,0.9625946144638193,0.8862727952406729,0.95730656,0.9589249
hotel_21,2023-06-16,1.0,1.0,0.9885692352917795,0.9653527223024511,0.9332052816315296,0.9789632,0.979051
hotel_21,2023-06-17,1.0,1.0092592592592593,0.9965671900805182,0.9874717591085039,0.9554823728913351,1.0014269,0.993984
hotel_21,2023-06-18,1.0,1.0046296296296295,0.9338321213004529,0.9460770406773531,0.8749994720514627,0.94074804,0.9425838
hotel_21,2023-06-19,1.0,0.75,0.9388737130839176,0.902379449671688,0.8963341927677455,0.8784262,0.8997546
hotel_21,2023-06-20,1.0,0.75,0.9832132560252524,0.9253457519689697,0.9143464544405893,0.9145689,0.93258005
hotel_21,2023-06-21,1.0,0.8981481481481481,1.0058085506131955,0.9554319604229302,0.9060876059433532,0.9499974,0.9667984
hotel_21,2023-06-22,1.0,0.9444444444444444,1.0019568781737052,0.9612827466372097,0.9033871717712251,0.95614547,0.95668
hotel_21,2023-06-23,1.0,1.0,0.9885692352917795,0.963909864911968,0.9351462516105735,0.9729905,0.97990704
hotel_21,2023-06-24,1.0,1.0092592592592593,0.9965671900805182,0.9845357011772762,0.9332176784171441,0.9955453,0.99917024
hotel_21,2023-06-25,1.0,1.0046296296296295,0.9338321213004529,0.9460626844988105,0.8498680991699182,0.94320107,0.9494789
hotel_21,2023-06-26,1.0,0.75,0.9388737130839176,0.9054391142633161,0.8747529717266692,0.8939361,0.89686775
hotel_21,2023-06-27,1.0,0.75,0.9832132560252524,0.9268282997039126,0.8876620362685678,0.91180515,0.9233246
hotel_21,2023-06-28,1.0,0.8981481481481481,1.0058085506131955,0.954836324899477,0.9029380424138093,0.939403,0.9625678
hotel_21,2023-06-29,1.0,0.9444444444444444,1.0019568781737052,0.9602936060361156,0.8959413808608306,0.9593037,0.9582202
hotel_21,2023-06-30,1.0,1.0,0.9885692352917795,0.9627487629476702,0.942491295125377,0.9763151,0.9793147
hotel_28,2023-06-03,0.0,0.0,0.003992629034369841,7.018307866135182e-05,0.004356143679833232,-0.0018720403,0.0010340586
hotel_28,2023-06-04,0.0,0.0,0.008391101010824461,1.7301321064412337e-05,-0.0016158131465399228,-0.00033851154,0.00010158867
hotel_28,2023-06-05,0.0,0.0,0.008466188792888133,-3.2115476743861375e-05,0.0023393973780375856,0.0004185997,-0.0014901385
hotel_28,2023-06-06,0.0,0.0,0.00555630906273135,-3.54682948077806e-05,0.003617784478600483,-0.0023415647,-0.00048806705
hotel_28,2023-06-07,0.0,0.0,0.002124819814513689,-3.542312919033123e-05,0.003617784478600483,-0.00071910396,-0.0021524625
hotel_28,2023-06-08,0.0,0.0,-0.0007934133995693635,-3.551503736836384e-05,0.007132543788599145,-0.0019760653,-0.00027730316
hotel_28,2023-06-09,0.0,0.0,-0.0013717229619371538,-3.555696854161325e-05,0.009238189975575874,0.0017087534,0.000923492
hotel_28,2023-06-10,0.0,0.0,0.003992629034369841,4.234424788204949e-05,0.00656280963307876,-0.00027867965,-0.0006580036
hotel_28,2023-06-11,0.0,0.0,0.008391101010824461,7.728023141050306e-07,6.759218157051711e-05,-0.00070852414,-0.0010013673
hotel_28,2023-06-12,0.0,0.0,0.008466188792888133,-4.118597707562799e-05,0.0023393973780375856,-0.0022080017,-0.0007770043
hotel_28,2023-06-13,0.0,0.0,0.00555630906273135,-4.201823020210118e-05,0.003617784478600483,-0.005370956,-0.0007766171
hotel_28,2023-06-14,0.0,0.0,0.002124819814513689,-4.198163314045486e-05,0.003617784478600483,-0.0038654525,-0.004042182
hotel_28,2023-06-15,0.0,0.0,-0.0007934133995693635,-4.205926767611072e-05,0.007132543788599145,0.000760667,-0.002502542
hotel_28,2023-06-16,0.0,0.0,-0.0013717229619371538,-4.2094690997197335e-05,0.009238189975575874,-0.00034574047,-0.0015711598
hotel_28,2023-06-17,0.0,0.0,0.003992629034369841,2.511363400243611e-05,0.00656280963307876,-0.0018946268,-0.0021169297
hotel_28,2023-06-18,0.0,0.0,0.008391101010824461,-1.189149511084418e-05,6.759218157051711e-05,-0.00038133143,-0.002796892
hotel_28,2023-06-19,0.0,0.0,0.008466188792888133,-4.8992557390224214e-05,0.0023393973780375856,-0.0036501996,-0.0007793363
hotel_28,2023-06-20,0.0,0.0,0.00555630906273135,-4.9920206812057276e-05,0.003617784478600483,-0.0018059835,-0.0016849134
hotel_28,2023-06-21,0.0,0.0,0.002124819814513689,-4.9885252810268075e-05,0.003617784478600483,-0.0040783696,-0.001983541
hotel_28,2023-06-22,0.0,0.0,-0.0007934133995693635,-4.9957189430048676e-05,0.007132543788599145,-0.0012817159,-0.00045308098
hotel_28,2023-06-23,0.0,0.0,-0.0013717229619371538,-4.999001007241162e-05,0.009238189975575874,-0.0016500764,-0.0005698148
hotel_28,2023-06-24,0.0,0.0,0.003992629034369841,1.1342501723565208e-05,0.00656280963307876,-0.004135996,0.0005987976
hotel_28,2023-06-25,0.0,0.0,0.008391101010824461,-2.167846191242847e-05,6.759218157051711e-05,-0.00014144927,-0.00057378225
hotel_28,2023-06-26,0.0,0.0,0.008466188792888133,-5.494349734604763e-05,0.0023393973780375856,-0.0020149425,0.00066099875
hotel_28,2023-06-27,0.0,0.0,0.00555630906273135,-5.565231119376597e-05,0.003617784478600483,-0.00318487,-0.0007756967
hotel_28,2023-06-28,0.0,0.0,0.002124819814513689,-5.5622634071639944e-05,0.003617784478600483,-0.002461888,-0.002079308
hotel_28,2023-06-29,0.0,0.0,-0.0007934133995693635,-5.568502372843148e-05,0.007132543788599145,0.0010502115,-0.00027201697
hotel_28,2023-06-30,0.0,0.0,-0.0013717229619371538,-5.571349035028261e-05,0.009238189975575874,-0.002489835,0.00012353808
hotel_35,2023-06-03,0.55078125,0.515625,0.5229484063078094,0.5381670586237031,0.5737092412219055,0.53481835,0.545676
hotel_35,2023-06-04,0.55078125,0.6015625,0.5068543749575442,0.5299888085912816,0.4993412360036737,0.57315135,0.57077265
hotel_35,2023-06-05,0.55078125,0.654296875,0.5720222699067338,0.5704549794414192,0.5793592211285095,0.6170416,0.65248066
hotel_35,2023-06-06,0.55078125,0.63671875,0.6117736796790747,0.5809117305655382,0.6468817719223203,0.657372,0.6965461
hotel_35,2023-06-07,0.55078125,0.529296875,0.6077387983316962,0.5576492813561517,0.6957448100499515,0.6483936,0.662478
hotel_35,2023-06-08,0.55078125,0.53125,0.5874570023570584,0.5393713040830811,0.6901985850538054,0.5835104,0.63324356
hotel_35,2023-06-09,0.55078125,0.55078125,0.5545927122659294,0.5302040903872457,0.7176581448517702,0.56581444,0.60387754
hotel_35,2023-06-10,0.55078125,0.515625,0.5229484063078094,0.5185861528309728,0.7423588143722545,0.5384809,0.5700044
hotel_35,2023-06-11,0.55078125,0.6015625,0.5068543749575442,0.5110538112514087,0.5790820691780688,0.5623239,0.5847021
hotel_35,2023-06-12,0.55078125,0.654296875,0.5720222699067338,0.54832401209534,0.6808760431469519,0.6334502,0.65632975
hotel_35,2023-06-13,0.55078125,0.63671875,0.6117736796790747,0.5579549014625161,0.7318310254948063,0.6844829,0.6957435
hotel_35,2023-06-14,0.55078125,0.529296875,0.6077387983316962,0.5365296928020175,0.7493662431739883,0.6501031,0.6682807
hotel_35,2023-06-15,0.55078125,0.53125,0.5874570023570584,0.5196952884174021,0.7366464055498524,0.60364044,0.6339475
hotel_35,2023-06-16,0.55078125,0.55078125,0.5545927122659294,0.5112520903473811,0.7564036230803162,0.5625677,0.6114638
hotel_35,2023-06-17,0.55078125,0.515625,0.5229484063078094,0.5005517236702837,0.7495722953654255,0.53910756,0.57181984
hotel_35,2023-06-18,0.55078125,0.6015625,0.5068543749575442,0.49361427746280556,0.5858523721764003,0.5676433,0.5777243
hotel_35,2023-06-19,0.55078125,0.654296875,0.5720222699067338,0.5279409222074058,0.6793056230921918,0.60980475,0.6529747
hotel_35,2023-06-20,0.55078125,0.63671875,0.6117736796790747,0.5368111753961657,0.7204312850925388,0.67794454,0.69102174
hotel_35,2023-06-21,0.55078125,0.529296875,0.6077387983316962,0.5170781042129009,0.7626619614709744,0.64825743,0.6685256
hotel_35,2023-06-22,0.55078125,0.53125,0.5874570023570584,0.5015732610483188,0.7522171230315885,0.5970441,0.63838273
hotel_35,2023-06-23,0.55078125,0.55078125,0.5545927122659294,0.4937968967117929,0.7845737627788248,0.57125884,0.60738146
hotel_35,2023-06-24,0.55078125,0.515625,0.5229484063078094,0.4839416322580331,0.8100885175947611,0.5396865,0.57176864
hotel_35,2023-06-25,0.55078125,0.6015625,0.5068543749575442,0.47755209729426723,0.6358791916834083,0.5552442,0.5930373
hotel_35,2023-06-26,0.55078125,0.654296875,0.5720222699067338,0.5091676644964993,0.710615263783264,0.63559717,0.6697785
hotel_35,2023-06-27,0.55078125,0.63671875,0.6117736796790747,0.5173373556468167,0.7388466120182197,0.6639381,0.7000294
hotel_35,2023-06-28,0.55078125,0.529296875,0.6077387983316962,0.4991627789370124,0.766586755585216,0.66289824,0.67827487
hotel_35,2023-06-29,0.55078125,0.53125,0.5874570023570584,0.4848824898299034,0.7509656931129546,0.6251745,0.6443715
hotel_35,2023-06-30,0.55078125,0.55078125,0.5545927122659294,0.4777202934923441,0.7769647099457468,0.5856017,0.62569886
hotel_42,2023-06-03,0.5789473684210527,1.0,0.6235235371777318,0.7082569582315709,0.7515667227259683,0.6121097,0.639886
hotel_42,2023-06-04,0.5789473684210527,0.9959514170040485,0.2771541095301263,0.6261966102304143,0.5735739136093037,0.3348183,0.4343404
hotel_42,2023-06-05,0.5789473684210527,0.21862348178137653,0.3575462852718987,0.5512139106799542,0.714739558272773,0.42176944,0.5405061
hotel_42,2023-06-06,0.5789473684210527,0.25101214574898784,0.46404466213726625,0.5714293011299985,0.799644372862274,0.53057975,0.6317188
hotel_42,2023-06-07,0.5789473684210527,0.27530364372469635,0.44306693331262137,0.5511675970689678,0.7547773375243922,0.48170185,0.6191065
hotel_42,2023-06-08,0.5789473684210527,0.30364372469635625,0.44864531913861794,0.5937166720783428,0.7069762479394918,0.48962593,0.61132103
hotel_42,2023-06-09,0.5789473684210527,0.5789473684210527,0.5164536633446177,0.7231147966933763,0.7545768793630917,0.60321224,0.74828696
hotel_42,2023-06-10,0.5789473684210527,1.0,0.6235235371777318,0.7497774553710729,0.8174627564906206,0.6886334,0.71591145
hotel_42,2023-06-11,0.5789473684210527,0.9959514170040485,0.2771541095301263,0.7327877930507517,0.587723623201396,0.360259,0.5070861
hotel_42,2023-06-12,0.5789473684210527,0.21862348178137653,0.3575462852718987,0.5187789903365914,0.6536429308498773,0.42764384,0.5568906
hotel_42,2023-06-13,0.5789473684210527,0.25101214574898784,0.46404466213726625,0.5310674384061393,0.7347946545070153,0.555857,0.6510309
hotel_42,2023-06-14,0.5789473684210527,0.27530364372469635,0.44306693331262137,0.5333378319751036,0.744775368008733,0.4810046,0.6310014
hotel_42,2023-06-15,0.5789473684210527,0.30364372469635625,0.44864531913861794,0.5489449895468652,0.6756728509331601,0.49764574,0.6390663
hotel_42,2023-06-16,0.5789473684210527,0.5789473684210527,0.5164536633446177,0.6449044731266292,0.773494206765281,0.62598926,0.7595339
hotel_42,2023-06-17,0.5789473684210527,1.0,0.6235235371777318,0.6832937450626635,0.8440062699202138,0.7004422,0.7232174
hotel_42,2023-06-18,0.5789473684210527,0.9959514170040485,0.2771541095301263,0.6589188509964223,0.5985186708821593,0.34610578,0.5093281
hotel_42,2023-06-19,0.5789473684210527,0.21862348178137653,0.3575462852718987,0.5977663708247977,0.7010338689195635,0.40802723,0.5674436
hotel_42,2023-06-20,0.5789473684210527,0.25101214574898784,0.46404466213726625,0.6053584447721123,0.7321473864154361,0.54074806,0.632646
hotel_42,2023-06-21,0.5789473684210527,0.27530364372469635,0.44306693331262137,0.6006063909770357,0.7637851707890913,0.45202118,0.59866995
hotel_42,2023-06-22,0.5789473684210527,0.30364372469635625,0.44864531913861794,0.6145767407301738,0.756204610208389,0.42521426,0.62641585
hotel_42,2023-06-23,0.5789473684210527,0.5789473684210527,0.5164536633446177,0.6665621557566186,0.8330080531730725,0.5621247,0.7519339
hotel_42,2023-06-24,0.5789473684210527,1.0,0.6235235371777318,0.6809205178346105,0.874305388099543,0.6257165,0.72556144
hotel_42,2023-06-25,0.5789473684210527,0.9959514170040485,0.2771541095301263,0.6717883084398459,0.6484913468184836,0.3592922,0.54146
hotel_42,2023-06-26,0.5789473684210527,0.21862348178137653,0.3575462852718987,0.6049197076143112,0.6930261549438038,0.43542856,0.5820689
hotel_42,2023-06-27,0.5789473684210527,0.25101214574898784,0.46404466213726625,0.6095586589938902,0.7408979463851376,0.51686114,0.6439199
hotel_42,2023-06-28,0.5789473684210527,0.27530364372469635,0.44306693331262137,0.6092101316034128,0.7913175212036399,0.5187435,0.61950123
hotel_42,2023-06-29,0.5789473684210527,0.30364372469635625,0.44864531913861794,0.6159496760353864,0.8167168801829146,0.46928528,0.63484895
hotel_42,2023-06-30,0.5789473684210527,0.5789473684210527,0.5164536633446177,0.6507448274776728,0.8310922277359895,0.5600097,0.7527338
hotel_49,2023-06-03,0.7336244541484717,0.6026200873362445,0.7381262854559625,0.7023882178119728,0.7981046245880352,0.7180828,0.7327107
hotel_49,2023-06-04,0.7336244541484717,0.5982532751091703,0.6469264161174458,0.6278196176120533,0.5850771027740085,0.6103022,0.60675526
hotel_49,2023-06-05,0.7336244541484717,0.4585152838427948,0.637129228474408,0.5784938650711334,0.6306933098341473,0.62294525,0.57591003
hotel_49,2023-06-06,0.7336244541484717,0.5327510917030568,0.6616359970623615,0.5794089734473088,0.6825428178813241,0.63869494,0.60134745
hotel_49,2023-06-07,0.7336244541484717,0.611353711790393,0.6611476395418645,0.5947297607881504,0.6854025731461056,0.64152247,0.62012416
hotel_49,2023-06-08,0.7336244541484717,0.6637554585152838,0.6762703554162109,0.6077898397907008,0.6719355651847945,0.6781814,0.618732
hotel_49,2023-06-09,0.7336244541484717,0.7336244541484717,0.7278446064543925,0.6315281769186571,0.6931486354944482,0.7512674,0.68991643
hotel_49,2023-06-10,0.7336244541484717,0.6026200873362445,0.7381262854559625,0.630179933178075,0.7100374231267365,0.7321614,0.6985166
hotel_49,2023-06-11,0.7336244541484717,0.5982532751091703,0.6469264161174458,0.6194325717225259,0.5631408951945998,0.6126317,0.5874435
hotel_49,2023-06-12,0.7336244541484717,0.4585152838427948,0.637129228474408,0.5869803000967315,0.6302072493371449,0.60879767,0.56804144
hotel_49,2023-06-13,0.7336244541484717,0.5327510917030568,0.6616359970623615,0.5980798758062393,0.6717288147372621,0.6323898,0.5971242
hotel_49,2023-06-14,0.7336244541484717,0.611353711790393,0.6611476395418645,0.6110390273257177,0.7067558895501445,0.64194155,0.6139505
hotel_49,2023-06-15,0.7336244541484717,0.6637554585152838,0.6762703554162109,0.6214286701880266,0.7104418077542629,0.6774959,0.6289563
hotel_49,2023-06-16,0.7336244541484717,0.7336244541484717,0.7278446064543925,0.6359695919817729,0.7516505594895658,0.74397135,0.689842
hotel_49,2023-06-17,0.7336244541484717,0.6026200873362445,0.7381262854559625,0.6314469294736444,0.7870380920807625,0.72592175,0.69727314
hotel_49,2023-06-18,0.7336244541484717,0.5982532751091703,0.6469264161174458,0.6177521858400348,0.5866603064999427,0.617705,0.580085
hotel_49,2023-06-19,0.7336244541484717,0.4585152838427948,0.637129228474408,0.6048764250472287,0.6605477999888968,0.60746247,0.56393623
hotel_49,2023-06-20,0.7336244541484717,0.5327510917030568,0.6616359970623615,0.6068020799245026,0.7093588722807794,0.6192005,0.5949877
hotel_49,2023-06-21,0.7336244541484717,0.611353711790393,0.6611476395418645,0.6116745031334233,0.7215007230495128,0.63873017,0.61561394
hotel_49,2023-06-22,0.7336244541484717,0.6637554585152838,0.6762703554162109,0.6153039768473391,0.7496915223843593,0.6834466,0.6274155
hotel_49,2023-06-23,0.7336244541484717,0.7336244541484717,0.7278446064543925,0.6216602378794494,0.7807881696573105,0.74543333,0.6986126
hotel_49,2023-06-24,0.7336244541484717,0.6026200873362445,0.7381262854559625,0.6204996447496253,0.8067911563342527,0.72676176,0.7128006
hotel_49,2023-06-25,0.7336244541484717,0.5982532751091703,0.6469264161174458,0.6165196797661703,0.6325370334999971,0.60726666,0.600456
hotel_49,2023-06-26,0.7336244541484717,0.4585152838427948,0.637129228474408,0.6090687044912664,0.6811870430764388,0.6152867,0.5828637
hotel_49,2023-06-27,0.7336244541484717,0.5327510917030568,0.6616359970623615,0.6112478559014854,0.7122903248160638,0.62789917,0.60995024
hotel_49,2023-06-28,0.7336244541484717,0.611353711790393,0.6611476395418645,0.6140955382265253,0.7265978991376161,0.6389102,0.6247035
hotel_49,2023-06-29,0.7336244541484717,0.6637554585152838,0.6762703554162109,0.6164279847193974,0.7549518203767535,0.6917958,0.6365361
hotel_49,2023-06-30,0.7336244541484717,0.7336244541484717,0.7278446064543925,0.619789937912996,0.7944480669015304,0.7392812,0.70325935
hotel_56,2023-06-03,0.9416666666666667,1.0083333333333333,0.9225575267579209,0.9503474030972839,0.93094914011245,0.9442464,0.9626937
hotel_56,2023-06-04,0.9416666666666667,0.975,0.7934296645717199,0.8919645707184545,0.7065826650787814,0.77973074,0.7958087
hotel_56,2023-06-05,0.9416666666666667,0.6,0.8186381137190706,0.8278417238048662,0.7566051760927595,0.84905493,0.84209645
hotel_56,2023-06-06,0.9416666666666667,0.8333333333333334,0.8563804883667919,0.8843222454422552,0.7977353291443926,0.8982502,0.91269153
hotel_56,2023-06-07,0.9416666666666667,0.85,0.8750441218515934,0.8935828209017095,0.8119001042225878,0.88753074,0.89556074
hotel_56,2023-06-08,0.9416666666666667,0.8583333333333333,0.878815493250656,0.9218154843201023,0.8284524781606104,0.8913612,0.8794236
hotel_56,2023-06-09,0.9416666666666667,0.9416666666666667,0.9061319672670852,0.9365628775485957,0.9143493500966154,0.9548905,0.9648161
hotel_56,2023-06-10,0.9416666666666667,1.0083333333333333,0.9225575267579209,0.9505874778167926,0.9254318045320641,0.9686533,0.95498306
hotel_56,2023-06-11,0.9416666666666667,0.975,0.7934296645717199,0.9275224659036219,0.7782697390242014,0.7857213,0.81837505
hotel_56,2023-06-12,0.9416666666666667,0.6,0.8186381137190706,0.8441027940013087,0.7590598306544504,0.841738,0.84091836
hotel_56,2023-06-13,0.9416666666666667,0.8333333333333334,0.8563804883667919,0.9009349924149916,0.7978384079197043,0.9011117,0.9230994
hotel_56,2023-06-14,0.9416666666666667,0.85,0.8750441218515934,0.9065471311364312,0.8230838383026529,0.88518316,0.90114254
hotel_56,2023-06-15,0.9416666666666667,0.8583333333333333,0.878815493250656,0.9163649115766006,0.8147126700047155,0.8820691,0.8796172
hotel_56,2023-06-16,0.9416666666666667,0.9416666666666667,0.9061319672670852,0.93505065859934,0.8953337543120703,0.9477381,0.96049803
hotel_56,2023-06-17,0.9416666666666667,1.0083333333333333,0.9225575267579209,0.9407071470648951,0.918544577749164,0.9554847,0.9590334
hotel_56,2023-06-18,0.9416666666666667,0.975,0.7934296645717199,0.9238333520568591,0.720505682699122,0.79725194,0.7965475
hotel_56,2023-06-19,0.9416666666666667,0.6,0.8186381137190706,0.8880442944720316,0.7961136108066128,0.83920324,0.84543383
hotel_56,2023-06-20,0.9416666666666667,0.8333333333333334,0.8563804883667919,0.9146229953242716,0.8333328499685381,0.8743672,0.91273355
hotel_56,2023-06-21,0.9416666666666667,0.85,0.8750441218515934,0.9178798585162993,0.8500429458629984,0.8949223,0.89025325
hotel_56,2023-06-22,0.9416666666666667,0.8583333333333333,0.878815493250656,0.9256427798062691,0.8661743631818447,0.89091533,0.8789264
hotel_56,2023-06-23,0.9416666666666667,0.9416666666666667,0.9061319672670852,0.9337253468018191,0.8920110537246086,0.94161826,0.9662643
hotel_56,2023-06-24,0.9416666666666667,1.0083333333333333,0.9225575267579209,0.937813155072257,0.8824443662372217,0.9631165,0.9622009
hotel_56,2023-06-25,0.9416666666666667,0.975,0.7934296645717199,0.9288411128048072,0.6769461981521341,0.8032314,0.8269775
hotel_56,2023-06-26,0.9416666666666667,0.6,0.8186381137190706,0.9038895874624496,0.7108481834063364,0.8418916,0.85105217
hotel_56,2023-06-27,0.9416666666666667,0.8333333333333334,0.8563804883667919,0.9215410489532887,0.7461277729654101,0.8900078,0.9106432
hotel_56,2023-06-28,0.9416666666666667,0.85,0.8750441218515934,0.9234719404625983,0.7737462930890358,0.89919966,0.88789755
hotel_56,2023-06-29,0.9416666666666667,0.8583333333333333,0.878815493250656,0.9274633972292389,0.8012715447369464,0.8968779,0.8790236
hotel_56,2023-06-30,0.9416666666666667,0.9416666666666667,0.9061319672670852,0.9330720473837746,0.8792592075044414,0.94252867,0.967057
hotel_63,2023-06-03,0.7111111111111111,0.9644444444444444,0.8117287079900483,0.8586949444834129,0.8473179982785112,0.85533243,0.858856
hotel_63,2023-06-04,0.7111111111111111,0.9288888888888889,0.5180816994569175,0.8115136028888164,0.6965175482584692,0.54542947,0.58877283
hotel_63,2023-06-05,0.7111111111111111,0.5244444444444445,0.5247584954827331,0.7575735918476264,0.7050405767858354,0.67089105,0.6145926
hotel_63,2023-06-06,0.7111111111111111,0.6311111111111111,0.5959512644452947,0.7989148367584626,0.769201012666757,0.7772208,0.71063924
hotel_63,2023-06-07,0.7111111111111111,0.6488888888888888,0.612981407980453,0.7764628958332436,0.7964013418046079,0.8277883,0.76268387
hotel_63,2023-06-08,0.7111111111111111,0.6888888888888889,0.6152190494748339,0.7240717837642617,0.7870620024618431,0.79047686,0.7384205
hotel_63,2023-06-09,0.7111111111111111,0.7111111111111111,0.7585084269735789,0.8158805707206983,0.8284104388948962,0.90226173,0.8583194
hotel_63,2023-06-10,0.7111111111111111,0.9644444444444444,0.8117287079900483,0.8723821619399548,0.8441247214136588,0.9463818,0.931381
hotel_63,2023-06-11,0.7111111111111111,0.9288888888888889,0.5180816994569175,0.8442174344670651,0.68420494635732,0.6436016,0.6551546
hotel_63,2023-06-12,0.7111111111111111,0.5244444444444445,0.5247584954827331,0.7096778628345635,0.6949067608839878,0.68405527,0.6299542
hotel_63,2023-06-13,0.7111111111111111,0.6311111111111111,0.5959512644452947,0.7535743680413297,0.7372604050385392,0.80748296,0.7389924
hotel_63,2023-06-14,0.7111111111111111,0.6488888888888888,0.612981407980453,0.7526417473795484,0.7818552276712664,0.83917326,0.78193504
hotel_63,2023-06-15,0.7111111111111111,0.6888888888888889,0.6152190494748339,0.7487319530207424,0.7854441056328507,0.80412686,0.75137377
hotel_63,2023-06-16,0.7111111111111111,0.7111111111111111,0.7585084269735789,0.7858367919693504,0.8370036044249459,0.9458673,0.8623894
hotel_63,2023-06-17,0.7111111111111111,0.9644444444444444,0.8117287079900483,0.8471527769097424,0.8320808553118064,0.96445924,0.93513143
hotel_63,2023-06-18,0.7111111111111111,0.9288888888888889,0.5180816994569175,0.825286354677831,0.6880614217739215,0.5850403,0.64948916
hotel_63,2023-06-19,0.7111111111111111,0.5244444444444445,0.5247584954827331,0.7670603868243249,0.7384175442502817,0.68632245,0.6436678
hotel_63,2023-06-20,0.7111111111111111,0.6311111111111111,0.5959512644452947,0.793210030557016,0.7924787250039143,0.7960618,0.73624736
hotel_63,2023-06-21,0.7111111111111111,0.6488888888888888,0.612981407980453,0.7866820084243686,0.8113591302994654,0.88210714,0.7496749
hotel_63,2023-06-22,0.7111111111111111,0.6888888888888889,0.6152190494748339,0.7706530593852332,0.8146291042864833,0.8404566,0.72410417
hotel_63,2023-06-23,0.7111111111111111,0.7111111111111111,0.7585084269735789,0.8090525630944708,0.841464184506562,0.89520156,0.85472065
hotel_63,2023-06-24,0.7111111111111111,0.9644444444444444,0.8117287079900483,0.8451871941658534,0.8685536017710518,1.0188079,0.9333313
hotel_63,2023-06-25,0.7111111111111111,0.9288888888888889,0.5180816994569175,0.8304536937881127,0.6938956186972194,0.6671446,0.6933813
hotel_63,2023-06-26,0.7111111111111111,0.5244444444444445,0.5247584954827331,0.7736666631871116,0.7152384172888852,0.7051035,0.63745135
hotel_63,2023-06-27,0.7111111111111111,0.6311111111111111,0.5959512644452947,0.7949825647573114,0.7735324745503586,0.82337666,0.7437301
hotel_63,2023-06-28,0.7111111111111111,0.6488888888888888,0.612981407980453,0.7929917839079772,0.808491072491138,0.87960017,0.76728904
hotel_63,2023-06-29,0.7111111111111111,0.6888888888888889,0.6152190494748339,0.7870927785701414,0.808121547581489,0.7748271,0.74692744
hotel_63,2023-06-30,0.7111111111111111,0.7111111111111111,0.7585084269735789,0.8103862975784552,0.8422916128612057,0.90952516,0.84587723
hotel_7,2023-06-03,0.8094462540716613,0.750814332247557,0.7270081556901234,0.7313032124017695,0.8129762766254852,0.72882926,0.75017715
hotel_7,2023-06-04,0.8094462540716613,0.7785016286644951,0.7080671679310537,0.7123706216123835,0.59003665210364,0.7090685,0.6551206
hotel_7,2023-06-05,0.8094462540716613,0.6237785016286646,0.5797217911384903,0.5740219189997546,0.5892186227829169,0.5796579,0.5878874
hotel_7,2023-06-06,0.8094462540716613,0.6270358306188925,0.571969959588913,0.5420800910664951,0.6091593672043397,0.579156,0.5820274
hotel_7,2023-06-07,0.8094462540716613,0.6449511400651465,0.7372719503055183,0.6430691941508802,0.6590992622901038,0.6820054,0.66252905
hotel_7,2023-06-08,0.8094462540716613,0.7980456026058632,0.776442840243807,0.6854671672477379,0.7070426314373162,0.73693967,0.7203058
hotel_7,2023-06-09,0.8094462540716613,0.8094462540716613,0.8082867631899068,0.7400874694119024,0.7545221943297256,0.7257649,0.7507934
hotel_7,2023-06-10,0.8094462540716613,0.750814332247557,0.7270081556901234,0.6347709056994921,0.8019916757185366,0.655009,0.703927
hotel_7,2023-06-11,0.8094462540716613,0.7785016286644951,0.7080671679310537,0.6079002612365114,0.5925928722422878,0.6847503,0.61697674
hotel_7,2023-06-12,0.8094462540716613,0.6237785016286646,0.5797217911384903,0.47326000817339564,0.6684155810428734,0.5361093,0.55941176
hotel_7,2023-06-13,0.8094462540716613,0.6270358306188925,0.571969959588913,0.4680389732339938,0.695520785927343,0.5641913,0.5645777
hotel_7,2023-06-14,0.8094462540716613,0.6449511400651465,0.7372719503055183,0.6143466691379318,0.7081048630329311,0.6800729,0.64268553
hotel_7,2023-06-15,0.8094462540716613,0.7980456026058632,0.776442840243807,0.6451087181154279,0.7155023490623413,0.73331094,0.725315
hotel_7,2023-06-16,0.8094462540716613,0.8094462540716613,0.8082867631899068,0.702455130572992,0.7775313691280326,0.73191136,0.7515107
hotel_7,2023-06-17,0.8094462540716613,0.750814332247557,0.7270081556901234,0.6199583053831834,0.8056690435316005,0.68224716,0.7173976
hotel_7,2023-06-18,0.8094462540716613,0.7785016286644951,0.7080671679310537,0.60477022880176,0.6004185099298655,0.6919079,0.6248232
hotel_7,2023-06-19,0.8094462540716613,0.6237785016286646,0.5797217911384903,0.47480003353463807,0.6365189069230848,0.5772869,0.57336724
hotel_7,2023-06-20,0.8094462540716613,0.6270358306188925,0.571969959588913,0.4613185604410148,0.6637437326825446,0.5634268,0.5825949
hotel_7,2023-06-21,0.8094462540716613,0.6449511400651465,0.7372719503055183,0.5888568696823023,0.7106181781982954,0.692002,0.65668523
hotel_7,2023-06-22,0.8094462540716613,0.7980456026058632,0.776442840243807,0.6303963086032018,0.7229800663700219,0.7666936,0.7278844
hotel_7,2023-06-23,0.8094462540716613,0.8094462540716613,0.8082867631899068,0.6903955900574341,0.7898059317492083,0.7655853,0.7527586
hotel_7,2023-06-24,0.8094462540716613,0.750814332247557,0.7270081556901234,0.5994536961902206,0.8263447018156828,0.70057756,0.7234735
hotel_7,2023-06-25,0.8094462540716613,0.7785016286644951,0.7080671679310537,0.5813017766592918,0.6071387320479675,0.6884712,0.64530563
hotel_7,2023-06-26,0.8094462540716613,0.6237785016286646,0.5797217911384903,0.4517131279173989,0.715778742605518,0.5576793,0.57811725
hotel_7,2023-06-27,0.8094462540716613,0.6270358306188925,0.571969959588913,0.445131694758748,0.7693980315391091,0.54655784,0.5943581
hotel_7,2023-06-28,0.8094462540716613,0.6449511400651465,0.7372719503055183,0.5848439097590205,0.7963481037281669,0.6663826,0.6648255
hotel_7,2023-06-29,0.8094462540716613,0.7980456026058632,0.776442840243807,0.6226674856116694,0.795804465942539,0.7009283,0.7368703
hotel_7,2023-06-30,0.8094462540716613,0.8094462540716613,0.8082867631899068,0.6830245103018058,0.8350086120838888,0.72569996,0.7557873
hotel_70,2023-06-03,0.5657894736842105,0.41228070175438597,0.5917986913036359,0.5743634708062781,0.4985805181934884,0.56930125,0.5658628
hotel_70,2023-06-04,0.5657894736842105,0.4298245614035088,0.48171847607544516,0.5653676988575693,0.43397164491318524,0.43190968,0.42261228
hotel_70,2023-06-05,0.5657894736842105,0.2543859649122807,0.48848736242562163,0.5004917303918942,0.4210361178553194,0.41877383,0.40015954
hotel_70,2023-06-06,0.5657894736842105,0.35964912280701755,0.481538355076262,0.5431333199821656,0.41687875191607415,0.44423592,0.42392117
hotel_70,2023-06-07,0.5657894736842105,0.4868421052631579,0.46774949360625423,0.5819622116582837,0.4277062726766108,0.44592565,0.43395984
hotel_70,2023-06-08,0.5657894736842105,0.5964912280701754,0.5069465780793083,0.6211161887577556,0.47410548572357747,0.46711612,0.43313944
hotel_70,2023-06-09,0.5657894736842105,0.5657894736842105,0.5620563067445632,0.6058920520774433,0.5175684738925304,0.5444312,0.50888836
hotel_70,2023-06-10,0.5657894736842105,0.41228070175438597,0.5917986913036359,0.6149533239473368,0.5038659945836613,0.5475167,0.51637524
hotel_70,2023-06-11,0.5657894736842105,0.4298245614035088,0.48171847607544516,0.6168989977520634,0.4473904092129536,0.40425587,0.38440746
hotel_70,2023-06-12,0.5657894736842105,0.2543859649122807,0.48848736242562163,0.545651793970538,0.40869644864277854,0.4173361,0.38827395
hotel_70,2023-06-13,0.5657894736842105,0.35964912280701755,0.481538355076262,0.5896430874170754,0.4351314118837309,0.43941903,0.41652045
hotel_70,2023-06-14,0.5657894736842105,0.4868421052631579,0.46774949360625423,0.6385524154747655,0.43862692424704397,0.41699025,0.41164193
hotel_70,2023-06-15,0.5657894736842105,0.5964912280701754,0.5069465780793083,0.6826158036466105,0.4617665724983599,0.45061156,0.43488708
hotel_70,2023-06-16,0.5657894736842105,0.5657894736842105,0.5620563067445632,0.668852781341487,0.5018911013310309,0.5086439,0.50165176
hotel_70,2023-06-17,0.5657894736842105,0.41228070175438597,0.5917986913036359,0.6743051341985253,0.4972258662723,0.5201912,0.4964239
hotel_70,2023-06-18,0.5657894736842105,0.4298245614035088,0.48171847607544516,0.6724153887078722,0.4494862864202916,0.40715963,0.37399325
hotel_70,2023-06-19,0.5657894736842105,0.2543859649122807,0.48848736242562163,0.6302617911116319,0.4122769768487965,0.40749168,0.38013577
hotel_70,2023-06-20,0.5657894736842105,0.35964912280701755,0.481538355076262,0.6570191749294426,0.42807309980545666,0.4287151,0.40743214
hotel_70,2023-06-21,0.5657894736842105,0.4868421052631579,0.46774949360625423,0.6843448274040699,0.43270632947648335,0.42726856,0.41296044
hotel_70,2023-06-22,0.5657894736842105,0.5964912280701754,0.5069465780793083,0.7101413664291951,0.432305825245139,0.45641655,0.43339714
hotel_70,2023-06-23,0.5657894736842105,0.5657894736842105,0.5620563067445632,0.7012382105372837,0.45180408813399037,0.532107,0.50320035
hotel_70,2023-06-24,0.5657894736842105,0.41228070175438597,0.5917986913036359,0.7056210271838536,0.46440446381264494,0.5187148,0.5083365
hotel_70,2023-06-25,0.5657894736842105,0.4298245614035088,0.48171847607544516,0.7055384151112037,0.4060221948794945,0.39910012,0.39445654
hotel_70,2023-06-26,0.5657894736842105,0.2543859649122807,0.48848736242562163,0.6713170222644048,0.40442364306541806,0.41975802,0.39504784
hotel_70,2023-06-27,0.5657894736842105,0.35964912280701755,0.481538355076262,0.6926909982982433,0.43425462260461584,0.43642345,0.42781594
hotel_70,2023-06-28,0.5657894736842105,0.4868421052631579,0.46774949360625423,0.7156439898927878,0.4327066062541881,0.4314513,0.4246693
hotel_70,2023-06-29,0.5657894736842105,0.5964912280701754,0.5069465780793083,0.7367169327998774,0.43038129164496497,0.45379463,0.4378669
hotel_70,2023-06-30,0.5657894736842105,0.5657894736842105,0.5620563067445632,0.7298520012123552,0.4514438554094449,0.5175875,0.5002081
hotel_77,2023-06-03,0.0,0.0,0.0004426294747113223,-5.563695220385089e-17,0.004356143679833232,-0.0018720403,0.0010340586
hotel_77,2023-06-04,0.0,0.0,0.0004921325844456474,-9.38791493785235e-16,-0.0016158131465399228,-0.00033851154,0.00010158867
hotel_77,2023-06-05,0.0,0.0,0.00013458030334445245,-2.218637247520072e-15,0.0023393973780375856,0.0004185997,-0.0014901385
hotel_77,2023-06-06,0.0,0.0,-0.0003705211874781393,-1.141531185013079e-15,0.003617784478600483,-0.0023415647,-0.00048806705
hotel_77,2023-06-07,0.0,0.0,-0.0006647286997936361,-6.178261853276587e-16,0.003617784478600483,-0.00071910396,-0.0021524625
hotel_77,2023-06-08,0.0,0.0,-0.0005452558298652717,-4.3178974148810683e-16,0.007132543788599145,-0.0019760653,-0.00027730316
hotel_77,2023-06-09,0.0,0.0,-0.00010456510974000965,-2.9043032859216294e-16,0.009238189975575874,0.0017087534,0.000923492
hotel_77,2023-06-10,0.0,0.0,0.0004426294747113223,-1.6392562504631267e-15,0.00656280963307876,-0.00027867965,-0.0006580036
hotel_77,2023-06-11,0.0,0.0,0.0004921325844456474,-2.1909063661625145e-15,6.759218157051711e-05,-0.00070852414,-0.0010013673
hotel_77,2023-06-12,0.0,0.0,0.00013458030334445245,-2.13771671000646e-15,0.0023393973780375856,-0.0022080017,-0.0007770043
hotel_77,2023-06-13,0.0,0.0,-0.0003705211874781393,-7.077251061120695e-16,0.003617784478600483,-0.005370956,-0.0007766171
hotel_77,2023-06-14,0.0,0.0,-0.0006647286997936361,-4.1247455619197784e-16,0.003617784478600483,-0.0038654525,-0.004042182
hotel_77,2023-06-15,0.0,0.0,-0.0005452558298652717,-3.1903599863121405e-16,0.007132543788599145,0.000760667,-0.002502542
hotel_77,2023-06-16,0.0,0.0,-0.00010456510974000965,-7.833281479440265e-16,0.009238189975575874,-0.00034574047,-0.0015711598
hotel_77,2023-06-17,0.0,0.0,0.0004426294747113223,-8.201798107405367e-16,0.00656280963307876,-0.0018946268,-0.0021169297
hotel_77,2023-06-18,0.0,0.0,0.0004921325844456474,-1.004358266050146e-15,6.759218157051711e-05,-0.00038133143,-0.002796892
hotel_77,2023-06-19,0.0,0.0,0.00013458030334445245,-8.705708022364749e-16,0.0023393973780375856,-0.0036501996,-0.0007793363
hotel_77,2023-06-20,0.0,0.0,-0.0003705211874781393,-7.639055920767612e-16,0.003617784478600483,-0.0018059835,-0.0016849134
hotel_77,2023-06-21,0.0,0.0,-0.0006647286997936361,-7.223934362987975e-16,0.003617784478600483,-0.0040783696,-0.001983541
hotel_77,2023-06-22,0.0,0.0,-0.0005452558298652717,-7.223934362987975e-16,0.007132543788599145,-0.0012817159,-0.00045308098
hotel_77,2023-06-23,0.0,0.0,-0.00010456510974000965,-7.223934362987975e-16,0.009238189975575874,-0.0016500764,-0.0005698148
hotel_77,2023-06-24,0.0,0.0,0.0004426294747113223,-7.223934362987975e-16,0.00656280963307876,-0.004135996,0.0005987976
hotel_77,2023-06-25,0.0,0.0,0.0004921325844456474,-7.223934362987975e-16,6.759218157051711e-05,-0.00014144927,-0.00057378225
hotel_77,2023-06-26,0.0,0.0,0.00013458030334445245,-7.223934362987975e-16,0.0023393973780375856,-0.0020149425,0.00066099875
hotel_77,2023-06-27,0.0,0.0,-0.0003705211874781393,-7.223934362987975e-16,0.003617784478600483,-0.00318487,-0.0007756967
hotel_77,2023-06-28,0.0,0.0,-0.0006647286997936361,-7.223934362987975e-16,0.003617784478600483,-0.002461888,-0.002079308
hotel_77,2023-06-29,0.0,0.0,-0.0005452558298652717,-7.223934362987975e-16,0.007132543788599145,0.0010502115,-0.00027201697
hotel_77,2023-06-30,0.0,0.0,-0.00010456510974000965,-7.223934362987975e-16,0.009238189975575874,-0.002489835,0.00012353808
hotel_84,2023-06-03,0.9273356401384083,0.8719723183391004,0.9576001322148802,0.983916682444251,0.9353265472917389,0.9365761,0.9296502
hotel_84,2023-06-04,0.9273356401384083,0.8477508650519031,0.7039536649142274,0.8665027693702569,0.7596786150876811,0.75257206,0.80033994
hotel_84,2023-06-05,0.9273356401384083,0.6539792387543253,0.7238423096192661,0.7960009805708961,0.8239076465165983,0.81585103,0.7986398
hotel_84,2023-06-06,0.9273356401384083,0.6124567474048442,0.7809622096635512,0.778385356379244,0.8499109824653743,0.8572233,0.8398
hotel_84,2023-06-07,0.9273356401384083,0.657439446366782,0.7904199082712313,0.7492439819278728,0.8507738244209949,0.8451625,0.8295405
hotel_84,2023-06-08,0.9273356401384083,0.740484429065744,0.7785679780233528,0.7838291159236268,0.8304529280313427,0.845739,0.8214365
hotel_84,2023-06-09,0.9273356401384083,0.9273356401384083,0.911509469720994,0.8471886870871678,0.8715738126256691,0.8800917,0.8868449
hotel_84,2023-06-10,0.9273356401384083,0.8719723183391004,0.9576001322148802,0.9155033299582869,0.9066770272562558,0.9242138,0.90063006
hotel_84,2023-06-11,0.9273356401384083,0.8477508650519031,0.7039536649142274,0.8372679968057131,0.7528410226179281,0.7609755,0.78509283
hotel_84,2023-06-12,0.9273356401384083,0.6539792387543253,0.7238423096192661,0.7743677233549331,0.8093814886045922,0.82259125,0.7922798
hotel_84,2023-06-13,0.9273356401384083,0.6124567474048442,0.7809622096635512,0.7486876643611297,0.832328609227078,0.8575854,0.8487284
hotel_84,2023-06-14,0.9273356401384083,0.657439446366782,0.7904199082712313,0.7488355192175842,0.8548946002914622,0.83090144,0.8276137
hotel_84,2023-06-15,0.9273356401384083,0.740484429065744,0.7785679780233528,0.7841031357030377,0.8421458699717222,0.8262524,0.82315946
hotel_84,2023-06-16,0.9273356401384083,0.9273356401384083,0.911509469720994,0.851974916641224,0.8727389239224521,0.88438857,0.88323975
hotel_84,2023-06-17,0.9273356401384083,0.8719723183391004,0.9576001322148802,0.9005271906979071,0.9000502425911546,0.92532384,0.8922953
hotel_84,2023-06-18,0.9273356401384083,0.8477508650519031,0.7039536649142274,0.8331298934724416,0.7161475692452735,0.74067485,0.76289
hotel_84,2023-06-19,0.9273356401384083,0.6539792387543253,0.7238423096192661,0.7935680404174038,0.7824768209243056,0.8242017,0.793666
hotel_84,2023-06-20,0.9273356401384083,0.6124567474048442,0.7809622096635512,0.7738889505067066,0.8389996381505778,0.8560343,0.83841604
hotel_84,2023-06-21,0.9273356401384083,0.657439446366782,0.7904199082712313,0.7702570171125737,0.8680100782451476,0.84172225,0.8352602
hotel_84,2023-06-22,0.9273356401384083,0.740484429065744,0.7785679780233528,0.7922408335768764,0.8492612748801406,0.8146252,0.8233579
hotel_84,2023-06-23,0.9273356401384083,0.9273356401384083,0.911509469720994,0.8381128326297062,0.8720399081409078,0.8854795,0.8852077
hotel_84,2023-06-24,0.9273356401384083,0.8719723183391004,0.9576001322148802,0.8756640336764087,0.8855845951391967,0.92851174,0.89761937
hotel_84,2023-06-25,0.9273356401384083,0.8477508650519031,0.7039536649142274,0.8267675049708301,0.6849191837484562,0.747259,0.78399056
hotel_84,2023-06-26,0.9273356401384083,0.6539792387543253,0.7238423096192661,0.7955056442397858,0.7281843696535063,0.79203373,0.7984623
hotel_84,2023-06-27,0.9273356401384083,0.6124567474048442,0.7809622096635512,0.7796857035428725,0.7883049062034059,0.8442995,0.8453882
hotel_84,2023-06-28,0.9273356401384083,0.657439446366782,0.7904199082712313,0.7791097084820715,0.8320783487260225,0.83487153,0.83065146
hotel_84,2023-06-29,0.9273356401384083,0.740484429065744,0.7785679780233528,0.7962189285520489,0.8253020372150964,0.82520443,0.81976974
hotel_84,2023-06-30,0.9273356401384083,0.9273356401384083,0.911509469720994,0.833065249458234,0.8657805572769677,0.89073724,0.88652563
hotel_91,2023-06-03,0.9662921348314607,1.0674157303370786,0.9612275496393161,0.9681052065616064,0.9701090628049753,0.9954424,0.99761397
hotel_91,2023-06-04,0.9662921348314607,1.0112359550561798,0.7912019758843001,0.8880032478360134,0.8697987852584312,0.8668344,0.9113096
hotel_91,2023-06-05,0.9662921348314607,0.5617977528089888,0.9215326932874931,0.8853306478465265,0.8778523134121508,0.92655414,0.93873423
hotel_91,2023-06-06,0.9662921348314607,0.9775280898876404,1.016453272894178,0.9437998705725925,0.9434239443194442,1.0014143,1.0260324
hotel_91,2023-06-07,0.9662921348314607,1.0,1.0184593934986617,0.9374057239236294,0.9596182091815555,0.9992884,1.0002776
hotel_91,2023-06-08,0.9662921348314607,0.9550561797752809,0.9417989528925165,0.8915049295960678,0.9236794159591927,0.9182998,0.9099785
hotel_91,2023-06-09,0.9662921348314607,0.9662921348314607,0.9649664736053538,0.9144164100276186,0.9395936901563311,0.9399529,0.9397636
hotel_91,2023-06-10,0.9662921348314607,1.0674157303370786,0.9612275496393161,0.9468828673443589,0.9573602265307644,0.9856704,0.9680987
hotel_91,2023-06-11,0.9662921348314607,1.0112359550561798,0.7912019758843001,0.9457556103857878,0.8890764165907284,0.870604,0.90247566
hotel_91,2023-06-12,0.9662921348314607,0.5617977528089888,0.9215326932874931,0.8218322829050355,0.8913378064714726,0.94500804,0.92987883
hotel_91,2023-06-13,0.9662921348314607,0.9775280898876404,1.016453272894178,0.9226591232153243,0.9424080397559425,0.99184066,1.0287509
hotel_91,2023-06-14,0.9662921348314607,1.0,1.0184593934986617,0.9259000605826752,0.9245476765205478,0.9618427,1.0051686
hotel_91,2023-06-15,0.9662921348314607,0.9550561797752809,0.9417989528925165,0.924435757127,0.895742651362276,0.88308704,0.90453494
hotel_91,2023-06-16,0.9662921348314607,0.9662921348314607,0.9649664736053538,0.9286589773663944,0.9279685133936426,0.94224304,0.94361335
hotel_91,2023-06-17,0.9662921348314607,1.0674157303370786,0.9612275496393161,0.9224983807546117,0.9519846028394987,0.9721036,0.9597268
hotel_91,2023-06-18,0.9662921348314607,1.0112359550561798,0.7912019758843001,0.9182302477561063,0.8578298182478804,0.8531287,0.8755658
hotel_91,2023-06-19,0.9662921348314607,0.5617977528089888,0.9215326932874931,0.9166224270322926,0.8982707762361937,0.9128579,0.9313887
hotel_91,2023-06-20,0.9662921348314607,0.9775280898876404,1.016453272894178,0.9156585371738631,0.9071242655201573,0.9625699,1.0209048
hotel_91,2023-06-21,0.9662921348314607,1.0,1.0184593934986617,0.9149375390570086,0.930888340207026,0.9818607,1.0048212
hotel_91,2023-06-22,0.9662921348314607,0.9550561797752809,0.9417989528925165,0.9144884253561149,0.9162307605830279,0.89391005,0.9036346
hotel_91,2023-06-23,0.9662921348314607,0.9662921348314607,0.9649664736053538,0.9142242493338606,0.9266041651451921,0.9268104,0.93614084
hotel_91,2023-06-24,0.9662921348314607,1.0674157303370786,0.9612275496393161,0.914060282433332,0.9327150598084838,0.9880973,0.9660004
hotel_91,2023-06-25,0.9662921348314607,1.0112359550561798,0.7912019758843001,0.9139568437665369,0.8183812519018274,0.8761896,0.89187235
hotel_91,2023-06-26,0.9662921348314607,0.5617977528089888,0.9215326932874931,0.9138927000803027,0.8503246636277738,0.92850524,0.9326019
hotel_91,2023-06-27,0.9662921348314607,0.9775280898876404,1.016453272894178,0.9138531003316023,0.8843575489592319,0.983338,1.0040271
hotel_91,2023-06-28,0.9662921348314607,1.0,1.0184593934986617,0.9138285219663943,0.9153195311861356,0.96783274,0.9842825
hotel_91,2023-06-29,0.9662921348314607,0.9550561797752809,0.9417989528925165,0.9138132485234857,0.91208262768139,0.8610053,0.88510054
hotel_91,2023-06-30,0.9662921348314607,0.9662921348314607,0.9649664736053538,0.9138037731635689,0.9226051165964738,0.90680516,0.9304437
hotel_98,2023-06-03,0.16129032258064516,0.1693548387096774,0.22577059599774307,0.1754701764448063,0.22217366606739195,0.19676165,0.2227709
hotel_98,2023-06-04,0.16129032258064516,0.08870967741935484,0.039377439727794616,0.1080648425289946,0.13831729434440662,0.14160392,0.124571785
hotel_98,2023-06-05,0.16129032258064516,0.056451612903225805,0.021734439346263505,0.10419395347390602,0.1400187710610315,0.11250139,0.10922063
hotel_98,2023-06-06,0.16129032258064516,0.04838709677419355,0.022665848368396288,0.10233364402247871,0.13806745821451344,0.11189936,0.12543407
hotel_98,2023-06-07,0.16129032258064516,0.08870967741935484,0.01747963288903117,0.11443662037198413,0.12577225881299187,0.11613768,0.1332896
hotel_98,2023-06-08,0.16129032258064516,0.11290322580645161,0.04957727825946995,0.142837166547031,0.14091388446195646,0.19563676,0.15709276
hotel_98,2023-06-09,0.16129032258064516,0.16129032258064516,0.16129561302280312,0.16442512330620018,0.18606661249471798,0.27741712,0.22762057
hotel_98,2023-06-10,0.16129032258064516,0.1693548387096774,0.22577059599774307,0.17025022793231573,0.24658625703162065,0.291898,0.27764872
hotel_98,2023-06-11,0.16129032258064516,0.08870967741935484,0.039377439727794616,0.12495943398651613,0.14078044703447964,0.16846837,0.17270741
hotel_98,2023-06-12,0.16129032258064516,0.056451612903225805,0.021734439346263505,0.11617656394199141,0.12657173791850138,0.12409418,0.13789026
hotel_98,2023-06-13,0.16129032258064516,0.04838709677419355,0.022665848368396288,0.11362294546502873,0.1309543230909296,0.12784415,0.14640446
hotel_98,2023-06-14,0.16129032258064516,0.08870967741935484,0.01747963288903117,0.12756130846464114,0.12686001747103637,0.11624695,0.14325505
hotel_98,2023-06-15,0.16129032258064516,0.11290322580645161,0.04957727825946995,0.14446728933426034,0.1463998137285855,0.15910403,0.17830367
hotel_98,2023-06-16,0.16129032258064516,0.16129032258064516,0.16129561302280312,0.16404546250203678,0.23119040626435203,0.22308342,0.24785331
hotel_98,2023-06-17,0.16129032258064516,0.1693548387096774,0.22577059599774307,0.16958033167280395,0.2512307675984929,0.23865548,0.2805489
hotel_98,2023-06-18,0.16129032258064516,0.08870967741935484,0.039377439727794616,0.1361574309548237,0.1398840152365024,0.16917235,0.17449647
hotel_98,2023-06-19,0.16129032258064516,0.056451612903225805,0.021734439346263505,0.13173957311921194,0.13984787668770152,0.11867954,0.13903667
hotel_98,2023-06-20,0.16129032258064516,0.04838709677419355,0.022665848368396288,0.13029026928757748,0.14356156771366582,0.1328412,0.14321023
hotel_98,2023-06-21,0.16129032258064516,0.08870967741935484,0.01747963288903117,0.13863818177932954,0.13710525237524715,0.11984412,0.1503205
hotel_98,2023-06-22,0.16129032258064516,0.11290322580645161,0.04957727825946995,0.1518408271269856,0.1507168946520941,0.16507925,0.1688311
hotel_98,2023-06-23,0.16129032258064516,0.16129032258064516,0.16129561302280312,0.1645954933890904,0.19926719977445304,0.23164183,0.23638386
hotel_98,2023-06-24,0.16129032258064516,0.1693548387096774,0.22577059599774307,0.16813897664269473,0.2538436387478814,0.24344942,0.29035997
hotel_98,2023-06-25,0.16129032258064516,0.08870967741935484,0.039377439727794616,0.1444725491441034,0.1398840152365024,0.16160601,0.19157925
hotel_98,2023-06-26,0.16129032258064516,0.056451612903225805,0.021734439346263505,0.14071713136252653,0.13955543290419123,0.13054559,0.15741386
hotel_98,2023-06-27,0.16129032258064516,0.04838709677419355,0.022665848368396288,0.13955863319892775,0.13845439187418423,0.13206795,0.15817454
hotel_98,2023-06-28,0.16129032258064516,0.08870967741935484,0.01747963288903117,0.14605874278316092,0.13933575178228,0.13254413,0.15645608
hotel_98,2023-06-29,0.16129032258064516,0.11290322580645161,0.04957727825946995,0.15518655169270512,0.16034054664151454,0.20798308,0.19191061
hotel_98,2023-06-30,0.16129032258064516,0.16129032258064516,0.16129561302280312,0.16473264299507945,0.21480579518207882,0.23943543,0.25159022
